<?xml version="1.0" encoding="UTF-8"?>
<project-private xmlns="http://www.netbeans.org/ns/project-private/1">
    <editor-bookmarks xmlns="http://www.netbeans.org/ns/editor-bookmarks/1"/>
    <editor-bookmarks xmlns="http://www.netbeans.org/ns/editor-bookmarks/2" lastBookmarkId="0"/>
    <open-files xmlns="http://www.netbeans.org/ns/projectui-open-files/2">
        <group>
            <file>file:/Volumes/KINGSTON/workspace/PadraoStrategy/src/padraostrategy/Produto.java</file>
            <file>file:/Volumes/KINGSTON/workspace/PadraoStrategy/src/padraostrategy/PromocaoNatal.java</file>
            <file>file:/Volumes/KINGSTON/workspace/PadraoStrategy/src/padraostrategy/TV.java</file>
            <file>file:/Volumes/KINGSTON/workspace/PadraoStrategy/src/padraostrategy/PadraoStrategy.java</file>
            <file>file:/Volumes/KINGSTON/workspace/PadraoStrategy/src/padraostrategy/PromocaoDiaMaes.java</file>
            <file>file:/Volumes/KINGSTON/workspace/PadraoStrategy/src/padraostrategy/Camera.java</file>
            <file>file:/Volumes/KINGSTON/workspace/PadraoStrategy/src/padraostrategy/PromocaoQueimaEstoque.java</file>
            <file>file:/Volumes/KINGSTON/workspace/PadraoStrategy/src/padraostrategy/Impressao.java</file>
            <file>file:/Volumes/KINGSTON/workspace/PadraoStrategy/src/padraostrategy/ImpressaoPDF.java</file>
            <file>file:/Volumes/KINGSTON/workspace/PadraoStrategy/src/padraostrategy/ImpressaoImpressora.java</file>
            <file>file:/Volumes/KINGSTON/workspace/PadraoStrategy/src/padraostrategy/Promocao.java</file>
            <file>file:/Volumes/KINGSTON/workspace/PadraoStrategy/src/padraostrategy/Celular.java</file>
        </group>
    </open-files>
</project-private>
