<?xml version="1.0" encoding="UTF-8"?>
<project-private xmlns="http://www.netbeans.org/ns/project-private/1">
    <editor-bookmarks xmlns="http://www.netbeans.org/ns/editor-bookmarks/2" lastBookmarkId="0"/>
    <open-files xmlns="http://www.netbeans.org/ns/projectui-open-files/2">
        <group>
            <file>file:/Volumes/KINGSTON/workspace/DP-Modelo4/web/WEB-INF/web.xml</file>
            <file>file:/Volumes/KINGSTON/workspace/DP-Modelo4/src/java/action/LerContatoAction.java</file>
            <file>file:/Volumes/KINGSTON/workspace/DP-Modelo4/src/java/controller/FrontController.java</file>
            <file>file:/Volumes/KINGSTON/workspace/DP-Modelo4/src/java/controller/Action.java</file>
            <file>file:/Volumes/KINGSTON/workspace/DP-Modelo4/src/java/action/GravarContatoAction.java</file>
            <file>file:/Volumes/KINGSTON/workspace/DP-Modelo4/web/index.jsp</file>
            <file>file:/Volumes/KINGSTON/workspace/DP-Modelo4/src/java/action/ApagarContatoAction.java</file>
        </group>
    </open-files>
</project-private>
