<?xml version="1.0" encoding="UTF-8"?>
<project-private xmlns="http://www.netbeans.org/ns/project-private/1">
    <editor-bookmarks xmlns="http://www.netbeans.org/ns/editor-bookmarks/1"/>
    <editor-bookmarks xmlns="http://www.netbeans.org/ns/editor-bookmarks/2" lastBookmarkId="0"/>
    <open-files xmlns="http://www.netbeans.org/ns/projectui-open-files/2">
        <group>
            <file>file:/Volumes/KINGSTON/workspace/PadraoMemento/src/padraomemento/AlunoEstadoTrancado.java</file>
            <file>file:/Volumes/KINGSTON/workspace/PadraoMemento/src/padraomemento/AlunoEstado.java</file>
            <file>file:/Volumes/KINGSTON/workspace/PadraoMemento/src/padraomemento/PadraoMemento.java</file>
            <file>file:/Volumes/KINGSTON/workspace/PadraoMemento/src/padraomemento/AlunoEstadoAtivo.java</file>
            <file>file:/Volumes/KINGSTON/workspace/PadraoMemento/src/padraomemento/Aluno.java</file>
            <file>file:/Volumes/KINGSTON/workspace/PadraoMemento/src/padraomemento/AlunoMemento.java</file>
            <file>file:/Volumes/KINGSTON/workspace/PadraoMemento/src/padraomemento/AlunoEstadoFormado.java</file>
        </group>
    </open-files>
</project-private>
