<?xml version="1.0" encoding="UTF-8"?>
<project-private xmlns="http://www.netbeans.org/ns/project-private/1">
    <editor-bookmarks xmlns="http://www.netbeans.org/ns/editor-bookmarks/1"/>
    <editor-bookmarks xmlns="http://www.netbeans.org/ns/editor-bookmarks/2" lastBookmarkId="0"/>
    <open-files xmlns="http://www.netbeans.org/ns/projectui-open-files/2">
        <group>
            <file>file:/Volumes/KINGSTON/workspace/PadraoState/test/padraostate/AlunoTest.java</file>
            <file>file:/Volumes/KINGSTON/workspace/PadraoState/src/padraostate/AlunoEstado.java</file>
            <file>file:/Volumes/KINGSTON/workspace/PadraoState/src/padraostate/AlunoEstadoFormado.java</file>
            <file>file:/Volumes/KINGSTON/workspace/PadraoState/src/padraostate/Aluno.java</file>
            <file>file:/Volumes/KINGSTON/workspace/PadraoState/src/padraostate/PadraoState.java</file>
            <file>file:/Volumes/KINGSTON/workspace/PadraoState/src/padraostate/AlunoEstadoTrancado.java</file>
            <file>file:/Volumes/KINGSTON/workspace/PadraoState/src/padraostate/AlunoEstadoAtivo.java</file>
        </group>
    </open-files>
</project-private>
