<?xml version="1.0" encoding="UTF-8"?>
<project-private xmlns="http://www.netbeans.org/ns/project-private/1">
    <editor-bookmarks xmlns="http://www.netbeans.org/ns/editor-bookmarks/1"/>
    <editor-bookmarks xmlns="http://www.netbeans.org/ns/editor-bookmarks/2" lastBookmarkId="0"/>
    <open-files xmlns="http://www.netbeans.org/ns/projectui-open-files/2">
        <group>
            <file>file:/F:/workspace/PadraoChainOfResponsability/src/padraochainofresponsability/TipoDocumentoDiploma.java</file>
            <file>file:/F:/workspace/PadraoChainOfResponsability/src/padraochainofresponsability/Funcionario.java</file>
            <file>file:/F:/workspace/PadraoChainOfResponsability/src/padraochainofresponsability/TipoDocumentoBoleto.java</file>
            <file>file:/F:/workspace/PadraoChainOfResponsability/src/padraochainofresponsability/TipoDocumentoHistorico.java</file>
            <file>file:/F:/workspace/PadraoChainOfResponsability/src/padraochainofresponsability/RolDocumentos.java</file>
            <file>file:/F:/workspace/PadraoChainOfResponsability/src/padraochainofresponsability/TipoDocumentoCertificado.java</file>
            <file>file:/F:/workspace/PadraoChainOfResponsability/src/padraochainofresponsability/FuncionarioCoordenador.java</file>
            <file>file:/F:/workspace/PadraoChainOfResponsability/src/padraochainofresponsability/Documento.java</file>
            <file>file:/F:/workspace/PadraoChainOfResponsability/src/padraochainofresponsability/FuncionarioDiretor.java</file>
            <file>file:/F:/workspace/PadraoChainOfResponsability/src/padraochainofresponsability/FuncionarioSecretaria.java</file>
            <file>file:/F:/workspace/PadraoChainOfResponsability/src/padraochainofresponsability/FuncionarioReitor.java</file>
            <file>file:/F:/workspace/PadraoChainOfResponsability/src/padraochainofresponsability/PadraoChainOfResponsability.java</file>
            <file>file:/F:/workspace/PadraoChainOfResponsability/src/padraochainofresponsability/TipoDocumento.java</file>
            <file>file:/F:/workspace/PadraoChainOfResponsability/src/padraochainofresponsability/TipoDocumentoMatricula.java</file>
            <file>file:/F:/workspace/PadraoChainOfResponsability/test/padraochainofresponsability/DocumentoTest.java</file>
        </group>
    </open-files>
</project-private>
